{
    "naive_mean_mae": 53.33555641690276,
    "last_pace_mae": 59.50798326754257,
    "xgboost_mae": 43.56953811645508
}